{
    "loss": 25.562198638916016,
    "accuracy": 0.48201438784599304
}