{
    "loss": 19.3525333404541,
    "accuracy": 0.5179855823516846
}